{
    "A": {
        "G": 0.3333333333333333,
        "T": 0.16666666666666666,
        "C": 0.3333333333333333,
        "A": 0.16666666666666666
    },
    "G": {
        "C": 0.26666666666666666,
        "T": 0.2,
        "A": 0.3333333333333333,
        "G": 0.2
    },
    "C": {
        "T": 0.14285714285714285,
        "G": 0.42857142857142855,
        "A": 0.14285714285714285,
        "C": 0.2857142857142857
    },
    "T": {
        "T": 0.25,
        "G": 0.25,
        "A": 0.25,
        "C": 0.25
    }
}