{
    "word_to_symbol": {
        "and": "A",
        "away": "B",
        "because": "C",
        "big": "D",
        "blue": "E",
        "car": "F",
        "cat": "G",
        "dog": "H",
        "green": "I",
        "happy": "J",
        "house": "K",
        "it": "L",
        "mat": "M",
        "music": "N",
        "on": "O",
        "quick": "P",
        "ran": "Q",
        "sad": "R",
        "sat": "S",
        "slow": "T",
        "small": "U",
        "the": "V",
        "tree": "W",
        "was": "X"
    },
    "transition_matrix": {
        "O": {
            "E": 0.2857142857142857,
            "W": 0.14285714285714285,
            "G": 0.14285714285714285,
            "V": 0.14285714285714285,
            "A": 0.14285714285714285,
            "B": 0.14285714285714285
        },
        "E": {
            "L": 0.14285714285714285,
            "E": 0.14285714285714285,
            "C": 0.14285714285714285,
            "K": 0.14285714285714285,
            "O": 0.14285714285714285,
            "S": 0.14285714285714285,
            "V": 0.14285714285714285
        },
        "L": {
            "T": 0.3333333333333333,
            "H": 0.3333333333333333,
            "J": 0.3333333333333333
        },
        "T": {
            "L": 0.5,
            "O": 0.5
        },
        "H": {
            "D": 1.0
        },
        "D": {
            "L": 0.3333333333333333,
            "I": 0.3333333333333333,
            "R": 0.3333333333333333
        },
        "J": {
            "M": 0.5,
            "N": 0.5
        },
        "M": {
            "U": 1.0
        },
        "U": {
            "X": 1.0
        },
        "X": {
            "I": 0.5,
            "V": 0.5
        },
        "I": {
            "B": 0.5,
            "T": 0.5
        },
        "B": {
            "O": 0.5,
            "K": 0.5
        },
        "W": {
            "N": 0.5,
            "O": 0.5
        },
        "N": {
            "Q": 0.3333333333333333,
            "A": 0.3333333333333333,
            "C": 0.3333333333333333
        },
        "Q": {
            "D": 1.0
        },
        "G": {
            "V": 0.5,
            "N": 0.5
        },
        "V": {
            "E": 0.25,
            "A": 0.25,
            "R": 0.25,
            "O": 0.25
        },
        "C": {
            "K": 0.5,
            "G": 0.5
        },
        "K": {
            "D": 0.3333333333333333,
            "X": 0.3333333333333333,
            "J": 0.3333333333333333
        },
        "R": {
            "W": 0.25,
            "C": 0.25,
            "E": 0.5
        },
        "A": {
            "A": 0.2,
            "F": 0.2,
            "E": 0.2,
            "R": 0.4
        },
        "F": {
            "S": 1.0
        },
        "S": {
            "O": 0.5,
            "P": 0.5
        },
        "P": {
            "A": 1.0
        }
    }
}